{
  "type": "CIMLayerDocument",
  "version": "2.8.0",
  "build": 29751,
  "layers": [
    "CIMPATH=wi_scout_n_hunt_base__2024_r4a_next_update_08_15_24/main_wi_populated_places_20240507162508.xml"
  ],
  "layerDefinitions": [
    {
      "type": "CIMFeatureLayer",
      "name": "main.WI_Populated_Places_20240507162508",
      "uRI": "CIMPATH=wi_scout_n_hunt_base__2024_r4a_next_update_08_15_24/main_wi_populated_places_20240507162508.xml",
      "sourceModifiedTime": {
        "type": "TimeInstant"
      },
      "useSourceMetadata": true,
      "description": "main.WI_Populated_Places_20240507162508",
      "layerElevation": {
        "type": "CIMLayerElevationSurface",
        "mapElevationID": "{FDA323DD-2D3E-4B20-A12A-078DAD5DABDD}"
      },
      "expanded": true,
      "layerType": "Operational",
      "showLegends": true,
      "visibility": true,
      "displayCacheType": "Permanent",
      "maxDisplayCacheAge": 5,
      "showPopups": true,
      "serviceLayerID": -1,
      "refreshRate": -1,
      "refreshRateUnit": "esriTimeUnitsSeconds",
      "blendingMode": "Alpha",
      "allowDrapingOnIntegratedMesh": true,
      "autoGenerateFeatureTemplates": true,
      "featureTable": {
        "type": "CIMFeatureTable",
        "displayField": "NAME",
        "editable": true,
        "timeFields": {
          "type": "CIMTimeTableDefinition"
        },
        "timeDefinition": {
          "type": "CIMTimeDataDefinition",
          "hasLiveData": true
        },
        "timeDisplayDefinition": {
          "type": "CIMTimeDisplayDefinition",
          "timeInterval": 0,
          "timeIntervalUnits": "esriTimeUnitsHours",
          "timeOffsetUnits": "esriTimeUnitsYears"
        },
        "dataConnection": {
          "type": "CIMStandardDataConnection",
          "workspaceConnectionString": "AUTHENTICATION_MODE=OSA;DATABASE=..\\Wisconsin_2024-05-07_16-25-07.sqlite",
          "workspaceFactory": "Sql",
          "dataset": "main.WI_Populated_Places_20240507162508",
          "datasetType": "esriDTFeatureClass"
        },
        "studyAreaSpatialRel": "esriSpatialRelUndefined",
        "searchOrder": "esriSearchOrderSpatial"
      },
      "htmlPopupEnabled": true,
      "htmlPopupFormat": {
        "type": "CIMHtmlPopupFormat",
        "htmlUseCodedDomainValues": true,
        "htmlPresentationStyle": "TwoColumnTable"
      },
      "isFlattened": true,
      "selectable": true,
      "featureCacheType": "Session",
      "displayFiltersType": "ByScale",
      "featureBlendingMode": "Alpha",
      "labelClasses": [
        {
          "type": "CIMLabelClass",
          "expression": "[NAME]",
          "expressionEngine": "VBScript",
          "featuresToLabel": "AllVisibleFeatures",
          "maplexLabelPlacementProperties": {
            "type": "CIMMaplexLabelPlacementProperties",
            "featureType": "Point",
            "avoidPolygonHoles": true,
            "backgroundLabel": true,
            "canOverrunFeature": true,
            "canPlaceLabelOutsidePolygon": true,
            "canRemoveOverlappingLabel": true,
            "canStackLabel": true,
            "connectionType": "Unambiguous",
            "constrainOffset": "NoConstraint",
            "contourAlignmentType": "Page",
            "contourLadderType": "Straight",
            "contourMaximumAngle": 90,
            "enableConnection": true,
            "enablePointPlacementPriorities": true,
            "featureWeight": 500,
            "fontHeightReductionLimit": 4,
            "fontHeightReductionStep": 0.5,
            "fontWidthReductionLimit": 90,
            "fontWidthReductionStep": 5,
            "graticuleAlignmentType": "Straight",
            "keyNumberGroupName": "Default",
            "labelBuffer": 15,
            "labelLargestPolygon": true,
            "labelPriority": -1,
            "labelStackingProperties": {
              "type": "CIMMaplexLabelStackingProperties",
              "stackAlignment": "ChooseBest",
              "maximumNumberOfLines": 3,
              "minimumNumberOfCharsPerLine": 3,
              "maximumNumberOfCharsPerLine": 24,
              "separators": [
                {
                  "type": "CIMMaplexStackingSeparator",
                  "separator": " ",
                  "splitAfter": true
                },
                {
                  "type": "CIMMaplexStackingSeparator",
                  "separator": ",",
                  "visible": true,
                  "splitAfter": true
                }
              ],
              "trimStackingSeparators": true
            },
            "lineFeatureType": "General",
            "linePlacementMethod": "OffsetCurvedFromLine",
            "maximumLabelOverrun": 36,
            "maximumLabelOverrunUnit": "Point",
            "minimumFeatureSizeUnit": "Map",
            "multiPartOption": "OneLabelPerPart",
            "neverRemoveLabel": true,
            "offsetAlongLineProperties": {
              "type": "CIMMaplexOffsetAlongLineProperties",
              "placementMethod": "BestPositionAlongLine",
              "labelAnchorPoint": "CenterOfLabel",
              "distanceUnit": "Percentage",
              "useLineDirection": true
            },
            "pointExternalZonePriorities": {
              "type": "CIMMaplexExternalZonePriorities",
              "aboveLeft": 4,
              "aboveCenter": 2,
              "aboveRight": 1,
              "centerRight": 3,
              "belowRight": 5,
              "belowCenter": 7,
              "belowLeft": 0,
              "centerLeft": 6
            },
            "pointPlacementMethod": "AroundPoint",
            "polygonAnchorPointType": "GeometricCenter",
            "polygonBoundaryWeight": 0,
            "polygonExternalZones": {
              "type": "CIMMaplexExternalZonePriorities",
              "aboveLeft": 4,
              "aboveCenter": 2,
              "aboveRight": 1,
              "centerRight": 3,
              "belowRight": 5,
              "belowCenter": 7,
              "belowLeft": 8,
              "centerLeft": 6
            },
            "polygonFeatureType": "General",
            "polygonInternalZones": {
              "type": "CIMMaplexInternalZonePriorities",
              "center": 1
            },
            "polygonPlacementMethod": "CurvedInPolygon",
            "primaryOffset": 1,
            "primaryOffsetUnit": "Point",
            "removeExtraWhiteSpace": true,
            "repetitionIntervalUnit": "Map",
            "rotationProperties": {
              "type": "CIMMaplexRotationProperties",
              "rotationType": "Arithmetic",
              "alignmentType": "Straight"
            },
            "secondaryOffset": 100,
            "strategyPriorities": {
              "type": "CIMMaplexStrategyPriorities",
              "stacking": 1,
              "overrun": 2,
              "fontCompression": 3,
              "fontReduction": 4,
              "abbreviation": 5
            },
            "thinningDistanceUnit": "Point",
            "truncationMarkerCharacter": ".",
            "truncationMinimumLength": 1,
            "truncationPreferredCharacters": "aeiou",
            "polygonAnchorPointPerimeterInsetUnit": "Point"
          },
          "maximumScale": 7500,
          "minimumScale": 100000,
          "name": "Default",
          "priority": 29,
          "standardLabelPlacementProperties": {
            "type": "CIMStandardLabelPlacementProperties",
            "featureType": "Line",
            "featureWeight": "None",
            "labelWeight": "High",
            "numLabelsOption": "OneLabelPerName",
            "lineLabelPosition": {
              "type": "CIMStandardLineLabelPosition",
              "above": true,
              "inLine": true,
              "parallel": true
            },
            "lineLabelPriorities": {
              "type": "CIMStandardLineLabelPriorities",
              "aboveStart": 3,
              "aboveAlong": 3,
              "aboveEnd": 3,
              "centerStart": 3,
              "centerAlong": 3,
              "centerEnd": 3,
              "belowStart": 3,
              "belowAlong": 3,
              "belowEnd": 3
            },
            "pointPlacementMethod": "AroundPoint",
            "pointPlacementPriorities": {
              "type": "CIMStandardPointPlacementPriorities",
              "aboveLeft": 2,
              "aboveCenter": 2,
              "aboveRight": 1,
              "centerLeft": 3,
              "centerRight": 2,
              "belowLeft": 3,
              "belowCenter": 3,
              "belowRight": 2
            },
            "rotationType": "Arithmetic",
            "polygonPlacementMethod": "AlwaysHorizontal"
          },
          "textSymbol": {
            "type": "CIMSymbolReference",
            "symbol": {
              "type": "CIMTextSymbol",
              "blockProgression": "TTB",
              "compatibilityMode": true,
              "depth3D": 1,
              "drawSoftHyphen": true,
              "extrapolateBaselines": true,
              "flipAngle": 90,
              "fontEffects": "Normal",
              "fontEncoding": "Unicode",
              "fontFamilyName": "Arial",
              "fontStyleName": "Bold",
              "fontType": "Unspecified",
              "haloSize": 2,
              "haloSymbol": {
                "type": "CIMPolygonSymbol",
                "symbolLayers": [
                  {
                    "type": "CIMSolidFill",
                    "enable": true,
                    "color": {
                      "type": "CIMRGBColor",
                      "values": [
                        85,
                        255,
                        0,
                        100
                      ]
                    }
                  }
                ]
              },
              "height": 12,
              "hinting": "Default",
              "horizontalAlignment": "Left",
              "kerning": true,
              "letterSpacing": 1,
              "letterWidth": 100,
              "ligatures": true,
              "lineGapType": "ExtraLeading",
              "shadowColor": {
                "type": "CIMRGBColor",
                "values": [
                  0,
                  0,
                  0,
                  100
                ]
              },
              "symbol": {
                "type": "CIMPolygonSymbol",
                "symbolLayers": [
                  {
                    "type": "CIMSolidFill",
                    "enable": true,
                    "color": {
                      "type": "CIMRGBColor",
                      "values": [
                        0,
                        0,
                        0,
                        100
                      ]
                    }
                  }
                ]
              },
              "textCase": "Normal",
              "textDirection": "LTR",
              "verticalAlignment": "Baseline",
              "verticalGlyphOrientation": "Right",
              "wordSpacing": 100,
              "billboardMode3D": "FaceNearPlane"
            }
          },
          "useCodedValue": true,
          "visibility": true,
          "iD": -1
        }
      ],
      "labelVisibility": true,
      "renderer": {
        "type": "CIMSimpleRenderer",
        "patch": "Default",
        "symbol": {
          "type": "CIMSymbolReference",
          "symbol": {
            "type": "CIMPointSymbol",
            "symbolLayers": [
              {
                "type": "CIMCharacterMarker",
                "enable": true,
                "colorLocked": true,
                "anchorPointUnits": "Relative",
                "dominantSizeAxis3D": "Y",
                "size": 20,
                "billboardMode3D": "FaceNearPlane",
                "characterIndex": 89,
                "fontFamilyName": "ESRI Default Marker",
                "fontStyleName": "Regular",
                "fontType": "Unspecified",
                "scaleX": 1,
                "symbol": {
                  "type": "CIMPolygonSymbol",
                  "symbolLayers": [
                    {
                      "type": "CIMSolidFill",
                      "enable": true,
                      "color": {
                        "type": "CIMRGBColor",
                        "values": [
                          0,
                          0,
                          0,
                          100
                        ]
                      }
                    }
                  ]
                },
                "scaleSymbolsProportionally": true,
                "respectFrame": true
              },
              {
                "type": "CIMCharacterMarker",
                "enable": true,
                "anchorPointUnits": "Relative",
                "dominantSizeAxis3D": "Y",
                "size": 20,
                "billboardMode3D": "FaceNearPlane",
                "characterIndex": 88,
                "fontFamilyName": "ESRI Default Marker",
                "fontStyleName": "Regular",
                "fontType": "Unspecified",
                "scaleX": 1,
                "symbol": {
                  "type": "CIMPolygonSymbol",
                  "symbolLayers": [
                    {
                      "type": "CIMSolidFill",
                      "enable": true,
                      "color": {
                        "type": "CIMRGBColor",
                        "values": [
                          0,
                          255,
                          0,
                          100
                        ]
                      }
                    }
                  ]
                },
                "scaleSymbolsProportionally": true,
                "respectFrame": true
              }
            ],
            "haloSize": 1,
            "scaleX": 1,
            "angleAlignment": "Map"
          }
        }
      },
      "scaleSymbols": true,
      "snappable": true
    }
  ],
  "elevationSurfaces": [
    {
      "type": "CIMMapElevationSurface",
      "elevationMode": "BaseGlobeSurface",
      "name": "Ground",
      "verticalExaggeration": 1,
      "mapElevationID": "{FDA323DD-2D3E-4B20-A12A-078DAD5DABDD}",
      "color": {
        "type": "CIMRGBColor",
        "values": [
          255,
          255,
          255,
          0
        ]
      },
      "surfaceTINShadingMode": "Smooth",
      "visibility": true,
      "expanded": true
    }
  ],
  "rGBColorProfile": "sRGB IEC61966-2.1",
  "cMYKColorProfile": "U.S. Web Coated (SWOP) v2"
}