{
  "type": "CIMLayerDocument",
  "version": "2.8.0",
  "build": 29751,
  "layers": [
    "CIMPATH=wi_scout_n_hunt_base__2024_r4a_next_update_08_15_24/c6a547732a945181beb9c8f3fe49d46a.xml"
  ],
  "layerDefinitions": [
    {
      "type": "CIMFeatureLayer",
      "name": "WI_Lakes",
      "uRI": "CIMPATH=wi_scout_n_hunt_base__2024_r4a_next_update_08_15_24/c6a547732a945181beb9c8f3fe49d46a.xml",
      "sourceModifiedTime": {
        "type": "TimeInstant"
      },
      "metadataURI": "CIMPATH=Metadata/aa8ed87c2d2a6ae5ebb52a2cb6ae4aca.xml",
      "useSourceMetadata": false,
      "layerType": "Operational",
      "minScale": 250000,
      "showLegends": true,
      "transparency": 30,
      "visibility": true,
      "displayCacheType": "Permanent",
      "maxDisplayCacheAge": 5,
      "showPopups": true,
      "serviceLayerID": -1,
      "refreshRate": -1,
      "refreshRateUnit": "esriTimeUnitsSeconds",
      "blendingMode": "Alpha",
      "allowDrapingOnIntegratedMesh": true,
      "autoGenerateFeatureTemplates": true,
      "featureTable": {
        "type": "CIMFeatureTable",
        "displayField": "Id",
        "editable": true,
        "fieldDescriptions": [
          {
            "type": "CIMFieldDescription",
            "alias": "FID",
            "fieldName": "FID",
            "numberFormat": {
              "type": "CIMNumericFormat",
              "alignmentOption": "esriAlignRight",
              "alignmentWidth": 12,
              "roundingOption": "esriRoundNumberOfDecimals",
              "roundingValue": 0
            },
            "readOnly": true,
            "visible": false,
            "searchMode": "Exact"
          },
          {
            "type": "CIMFieldDescription",
            "alias": "Shape",
            "fieldName": "Shape",
            "visible": false,
            "searchMode": "Exact"
          },
          {
            "type": "CIMFieldDescription",
            "alias": "Id",
            "fieldName": "Id",
            "numberFormat": {
              "type": "CIMNumericFormat",
              "alignmentOption": "esriAlignRight",
              "alignmentWidth": 12,
              "roundingOption": "esriRoundNumberOfDecimals",
              "roundingValue": 0
            },
            "visible": false,
            "searchMode": "Exact"
          }
        ],
        "timeFields": {
          "type": "CIMTimeTableDefinition"
        },
        "timeDefinition": {
          "type": "CIMTimeDataDefinition",
          "hasLiveData": true
        },
        "timeDisplayDefinition": {
          "type": "CIMTimeDisplayDefinition",
          "timeInterval": 0,
          "timeIntervalUnits": "esriTimeUnitsHours",
          "timeOffsetUnits": "esriTimeUnitsYears"
        },
        "dataConnection": {
          "type": "CIMStandardDataConnection",
          "workspaceConnectionString": "DATABASE=..\\..\\..\\..\\Documents\\ArcGIS\\Packages\\WI_2024 R6_cf739b\\commondata\\layers_dissolved",
          "workspaceFactory": "Shapefile",
          "dataset": "WI_Lakes_Dissolved",
          "datasetType": "esriDTFeatureClass"
        },
        "studyAreaSpatialRel": "esriSpatialRelUndefined",
        "searchOrder": "esriSearchOrderSpatial"
      },
      "htmlPopupEnabled": true,
      "htmlPopupFormat": {
        "type": "CIMHtmlPopupFormat",
        "htmlUseCodedDomainValues": true,
        "htmlPresentationStyle": "TwoColumnTable"
      },
      "isFlattened": true,
      "selectable": true,
      "selectionSymbol": {
        "type": "CIMSymbolReference",
        "symbol": {
          "type": "CIMPolygonSymbol",
          "symbolLayers": [
            {
              "type": "CIMSolidStroke",
              "enable": true,
              "capStyle": "Round",
              "joinStyle": "Round",
              "lineStyle3D": "Strip",
              "miterLimit": 10,
              "width": 2,
              "color": {
                "type": "CIMRGBColor",
                "values": [
                  0,
                  255,
                  255,
                  100
                ]
              }
            }
          ]
        }
      },
      "featureCacheType": "None",
      "displayFiltersType": "ByScale",
      "featureBlendingMode": "Alpha",
      "labelClasses": [
        {
          "type": "CIMLabelClass",
          "expression": "[Id]",
          "expressionEngine": "VBScript",
          "featuresToLabel": "AllVisibleFeatures",
          "maplexLabelPlacementProperties": {
            "type": "CIMMaplexLabelPlacementProperties",
            "featureType": "Polygon",
            "avoidPolygonHoles": true,
            "canOverrunFeature": true,
            "canPlaceLabelOutsidePolygon": false,
            "canRemoveOverlappingLabel": true,
            "canStackLabel": true,
            "connectionType": "Unambiguous",
            "constrainOffset": "NoConstraint",
            "contourAlignmentType": "Page",
            "contourLadderType": "Straight",
            "contourMaximumAngle": 90,
            "enableConnection": true,
            "featureWeight": 0,
            "fontHeightReductionLimit": 4,
            "fontHeightReductionStep": 0.5,
            "fontWidthReductionLimit": 90,
            "fontWidthReductionStep": 5,
            "graticuleAlignmentType": "Straight",
            "keyNumberGroupName": "Default",
            "labelBuffer": 15,
            "labelLargestPolygon": false,
            "labelPriority": -1,
            "labelStackingProperties": {
              "type": "CIMMaplexLabelStackingProperties",
              "stackAlignment": "ChooseBest",
              "maximumNumberOfLines": 3,
              "minimumNumberOfCharsPerLine": 3,
              "maximumNumberOfCharsPerLine": 24,
              "separators": [
                {
                  "type": "CIMMaplexStackingSeparator",
                  "separator": " ",
                  "splitAfter": true
                },
                {
                  "type": "CIMMaplexStackingSeparator",
                  "separator": ",",
                  "visible": true,
                  "splitAfter": true
                }
              ],
              "trimStackingSeparators": true
            },
            "lineFeatureType": "General",
            "linePlacementMethod": "OffsetCurvedFromLine",
            "maximumLabelOverrun": 80,
            "maximumLabelOverrunUnit": "Point",
            "minimumFeatureSizeUnit": "Map",
            "multiPartOption": "OneLabelPerPart",
            "offsetAlongLineProperties": {
              "type": "CIMMaplexOffsetAlongLineProperties",
              "placementMethod": "BestPositionAlongLine",
              "labelAnchorPoint": "CenterOfLabel",
              "distanceUnit": "Percentage",
              "useLineDirection": true
            },
            "pointExternalZonePriorities": {
              "type": "CIMMaplexExternalZonePriorities",
              "aboveLeft": 4,
              "aboveCenter": 2,
              "aboveRight": 1,
              "centerRight": 3,
              "belowRight": 5,
              "belowCenter": 7,
              "belowLeft": 8,
              "centerLeft": 6
            },
            "pointPlacementMethod": "AroundPoint",
            "polygonAnchorPointType": "GeometricCenter",
            "polygonBoundaryWeight": 0,
            "polygonExternalZones": {
              "type": "CIMMaplexExternalZonePriorities",
              "aboveLeft": 4,
              "aboveCenter": 2,
              "aboveRight": 1,
              "centerRight": 3,
              "belowRight": 5,
              "belowCenter": 7,
              "belowLeft": 8,
              "centerLeft": 6
            },
            "polygonFeatureType": "General",
            "polygonInternalZones": {
              "type": "CIMMaplexInternalZonePriorities",
              "center": 1
            },
            "polygonPlacementMethod": "HorizontalInPolygon",
            "primaryOffset": 1,
            "primaryOffsetUnit": "Point",
            "removeExtraWhiteSpace": true,
            "repetitionIntervalUnit": "Map",
            "rotationProperties": {
              "type": "CIMMaplexRotationProperties",
              "rotationType": "Arithmetic",
              "alignmentType": "Straight"
            },
            "secondaryOffset": 100,
            "strategyPriorities": {
              "type": "CIMMaplexStrategyPriorities",
              "stacking": 1,
              "overrun": 2,
              "fontCompression": 3,
              "fontReduction": 4,
              "abbreviation": 5
            },
            "thinningDistanceUnit": "Point",
            "truncationMarkerCharacter": ".",
            "truncationMinimumLength": 1,
            "truncationPreferredCharacters": "aeiou",
            "polygonAnchorPointPerimeterInsetUnit": "Point"
          },
          "name": "Default",
          "priority": 9,
          "standardLabelPlacementProperties": {
            "type": "CIMStandardLabelPlacementProperties",
            "featureType": "Line",
            "featureWeight": "None",
            "labelWeight": "High",
            "numLabelsOption": "OneLabelPerName",
            "lineLabelPosition": {
              "type": "CIMStandardLineLabelPosition",
              "above": true,
              "inLine": true,
              "parallel": true
            },
            "lineLabelPriorities": {
              "type": "CIMStandardLineLabelPriorities",
              "aboveStart": 3,
              "aboveAlong": 3,
              "aboveEnd": 3,
              "centerStart": 3,
              "centerAlong": 3,
              "centerEnd": 3,
              "belowStart": 3,
              "belowAlong": 3,
              "belowEnd": 3
            },
            "pointPlacementMethod": "AroundPoint",
            "pointPlacementPriorities": {
              "type": "CIMStandardPointPlacementPriorities",
              "aboveLeft": 2,
              "aboveCenter": 2,
              "aboveRight": 1,
              "centerLeft": 3,
              "centerRight": 2,
              "belowLeft": 3,
              "belowCenter": 3,
              "belowRight": 2
            },
            "rotationType": "Arithmetic",
            "polygonPlacementMethod": "AlwaysHorizontal"
          },
          "textSymbol": {
            "type": "CIMSymbolReference",
            "symbol": {
              "type": "CIMTextSymbol",
              "blockProgression": "TTB",
              "compatibilityMode": true,
              "depth3D": 1,
              "drawSoftHyphen": true,
              "extrapolateBaselines": true,
              "flipAngle": 90,
              "fontEffects": "Normal",
              "fontEncoding": "Unicode",
              "fontFamilyName": "Arial",
              "fontStyleName": "Regular",
              "fontType": "Unspecified",
              "haloSize": 1,
              "height": 8,
              "hinting": "Default",
              "horizontalAlignment": "Center",
              "kerning": true,
              "letterWidth": 100,
              "ligatures": true,
              "lineGapType": "ExtraLeading",
              "shadowColor": {
                "type": "CIMRGBColor",
                "values": [
                  0,
                  0,
                  0,
                  100
                ]
              },
              "symbol": {
                "type": "CIMPolygonSymbol",
                "symbolLayers": [
                  {
                    "type": "CIMSolidFill",
                    "enable": true,
                    "color": {
                      "type": "CIMRGBColor",
                      "values": [
                        0,
                        0,
                        0,
                        100
                      ]
                    }
                  }
                ]
              },
              "textCase": "Normal",
              "textDirection": "LTR",
              "verticalAlignment": "Bottom",
              "verticalGlyphOrientation": "Right",
              "wordSpacing": 100,
              "billboardMode3D": "FaceNearPlane"
            }
          },
          "useCodedValue": true,
          "visibility": true,
          "iD": -1
        }
      ],
      "renderer": {
        "type": "CIMSimpleRenderer",
        "patch": "Default",
        "symbol": {
          "type": "CIMSymbolReference",
          "symbol": {
            "type": "CIMPolygonSymbol",
            "symbolLayers": [
              {
                "type": "CIMSolidStroke",
                "enable": true,
                "capStyle": "Round",
                "joinStyle": "Round",
                "lineStyle3D": "Strip",
                "miterLimit": 10,
                "width": 1,
                "color": {
                  "type": "CIMRGBColor",
                  "values": [
                    0,
                    38,
                    115,
                    100
                  ]
                }
              },
              {
                "type": "CIMSolidFill",
                "enable": true,
                "color": {
                  "type": "CIMRGBColor",
                  "values": [
                    0,
                    112,
                    255,
                    100
                  ]
                }
              }
            ]
          }
        }
      },
      "scaleSymbols": true,
      "snappable": true
    }
  ],
  "binaryReferences": [
    {
      "type": "CIMBinaryReference",
      "uRI": "CIMPATH=Metadata/aa8ed87c2d2a6ae5ebb52a2cb6ae4aca.xml",
      "data": "<?xml version=\"1.0\"?>\r\n<metadata xml:lang=\"en\"><Esri><CreaDate>20240424</CreaDate><CreaTime>11583300</CreaTime><ArcGISFormat>1.0</ArcGISFormat><SyncOnce>TRUE</SyncOnce></Esri><dataIdInfo><idCitation><resTitle>WI_Lakes</resTitle></idCitation><idAbs></idAbs><idCredit></idCredit></dataIdInfo></metadata>\r\n"
    }
  ],
  "rGBColorProfile": "sRGB IEC61966-2.1",
  "cMYKColorProfile": "U.S. Web Coated (SWOP) v2"
}