{
  "type": "CIMLayerDocument",
  "version": "2.8.0",
  "build": 29751,
  "layers": [
    "CIMPATH=wi_scout_n_hunt_base__2024_r4a_next_update_08_15_24/81611e07b7758c8af917a26bc03748c8.xml"
  ],
  "layerDefinitions": [
    {
      "type": "CIMFeatureLayer",
      "name": "WI_Public_Boat_Access_Sites",
      "uRI": "CIMPATH=wi_scout_n_hunt_base__2024_r4a_next_update_08_15_24/81611e07b7758c8af917a26bc03748c8.xml",
      "sourceModifiedTime": {
        "type": "TimeInstant"
      },
      "metadataURI": "CIMPATH=Metadata/5f580e0806f236eb7102c5f10f163de3.xml",
      "useSourceMetadata": false,
      "layerType": "Operational",
      "maxScale": 7500,
      "minScale": 70000,
      "showLegends": true,
      "visibility": true,
      "displayCacheType": "Permanent",
      "maxDisplayCacheAge": 5,
      "showPopups": true,
      "serviceLayerID": -1,
      "refreshRate": -1,
      "refreshRateUnit": "esriTimeUnitsSeconds",
      "blendingMode": "Alpha",
      "allowDrapingOnIntegratedMesh": true,
      "autoGenerateFeatureTemplates": true,
      "featureTable": {
        "type": "CIMFeatureTable",
        "displayField": "WATERBODY_",
        "editable": true,
        "fieldDescriptions": [
          {
            "type": "CIMFieldDescription",
            "alias": "FID",
            "fieldName": "FID",
            "numberFormat": {
              "type": "CIMNumericFormat",
              "alignmentOption": "esriAlignRight",
              "alignmentWidth": 12,
              "roundingOption": "esriRoundNumberOfDecimals",
              "roundingValue": 0
            },
            "readOnly": true,
            "visible": false,
            "searchMode": "Exact"
          },
          {
            "type": "CIMFieldDescription",
            "alias": "Shape",
            "fieldName": "Shape",
            "visible": false,
            "searchMode": "Exact"
          },
          {
            "type": "CIMFieldDescription",
            "alias": "OBJECTID",
            "fieldName": "OBJECTID",
            "numberFormat": {
              "type": "CIMNumericFormat",
              "alignmentOption": "esriAlignRight",
              "alignmentWidth": 12,
              "roundingOption": "esriRoundNumberOfDecimals",
              "roundingValue": 0
            },
            "visible": false,
            "searchMode": "Exact"
          },
          {
            "type": "CIMFieldDescription",
            "alias": "Boat Landing",
            "fieldName": "BOATLANDIN",
            "numberFormat": {
              "type": "CIMNumericFormat",
              "alignmentOption": "esriAlignRight",
              "alignmentWidth": 12,
              "roundingOption": "esriRoundNumberOfDecimals",
              "roundingValue": 0
            },
            "visible": false,
            "searchMode": "Exact"
          },
          {
            "type": "CIMFieldDescription",
            "alias": "Landing Access Name",
            "fieldName": "LMS_BOAT_L",
            "visible": true,
            "searchMode": "Exact"
          },
          {
            "type": "CIMFieldDescription",
            "alias": "Waterbody",
            "fieldName": "WATERBODY_",
            "visible": true,
            "searchMode": "Exact"
          },
          {
            "type": "CIMFieldDescription",
            "alias": "Landing Type",
            "fieldName": "LANDING_TY",
            "visible": true,
            "searchMode": "Exact"
          },
          {
            "type": "CIMFieldDescription",
            "alias": "Ramp Type",
            "fieldName": "RAMP_TYPE_",
            "visible": true,
            "searchMode": "Exact"
          },
          {
            "type": "CIMFieldDescription",
            "alias": "ABANDON_FL",
            "fieldName": "ABANDON_FL",
            "visible": true,
            "searchMode": "Exact"
          },
          {
            "type": "CIMFieldDescription",
            "alias": "ADA_ACCESS",
            "fieldName": "ADA_ACCESS",
            "visible": true,
            "searchMode": "Exact"
          },
          {
            "type": "CIMFieldDescription",
            "alias": "LL_LAT_DD_",
            "fieldName": "LL_LAT_DD_",
            "numberFormat": {
              "type": "CIMNumericFormat",
              "alignmentOption": "esriAlignRight",
              "alignmentWidth": 12,
              "roundingOption": "esriRoundNumberOfDecimals",
              "roundingValue": 6
            },
            "visible": true,
            "searchMode": "Exact"
          },
          {
            "type": "CIMFieldDescription",
            "alias": "LL_LONG_DD",
            "fieldName": "LL_LONG_DD",
            "numberFormat": {
              "type": "CIMNumericFormat",
              "alignmentOption": "esriAlignRight",
              "alignmentWidth": 12,
              "roundingOption": "esriRoundNumberOfDecimals",
              "roundingValue": 6
            },
            "visible": true,
            "searchMode": "Exact"
          },
          {
            "type": "CIMFieldDescription",
            "alias": "County Name",
            "fieldName": "COUNTY_NAM",
            "visible": true,
            "searchMode": "Exact"
          },
          {
            "type": "CIMFieldDescription",
            "alias": "Municipality",
            "fieldName": "MUNICIPALI",
            "visible": true,
            "searchMode": "Exact"
          },
          {
            "type": "CIMFieldDescription",
            "alias": "OWNERSHIP_",
            "fieldName": "OWNERSHIP_",
            "visible": true,
            "searchMode": "Exact"
          },
          {
            "type": "CIMFieldDescription",
            "alias": "Ownership",
            "fieldName": "OWNERSHI_1",
            "visible": true,
            "searchMode": "Exact"
          },
          {
            "type": "CIMFieldDescription",
            "alias": "OWNERSHI_2",
            "fieldName": "OWNERSHI_2",
            "visible": false,
            "searchMode": "Exact"
          },
          {
            "type": "CIMFieldDescription",
            "alias": "TOWN_NO",
            "fieldName": "TOWN_NO",
            "numberFormat": {
              "type": "CIMNumericFormat",
              "alignmentOption": "esriAlignRight",
              "alignmentWidth": 12,
              "roundingOption": "esriRoundNumberOfDecimals",
              "roundingValue": 0
            },
            "visible": false,
            "searchMode": "Exact"
          },
          {
            "type": "CIMFieldDescription",
            "alias": "RANGE_NO",
            "fieldName": "RANGE_NO",
            "numberFormat": {
              "type": "CIMNumericFormat",
              "alignmentOption": "esriAlignRight",
              "alignmentWidth": 12,
              "roundingOption": "esriRoundNumberOfDecimals",
              "roundingValue": 0
            },
            "visible": false,
            "searchMode": "Exact"
          },
          {
            "type": "CIMFieldDescription",
            "alias": "RANGE_DIRE",
            "fieldName": "RANGE_DIRE",
            "visible": false,
            "searchMode": "Exact"
          }
        ],
        "timeFields": {
          "type": "CIMTimeTableDefinition"
        },
        "timeDefinition": {
          "type": "CIMTimeDataDefinition",
          "hasLiveData": true
        },
        "timeDisplayDefinition": {
          "type": "CIMTimeDisplayDefinition",
          "timeInterval": 0,
          "timeIntervalUnits": "esriTimeUnitsHours",
          "timeOffsetUnits": "esriTimeUnitsYears"
        },
        "dataConnection": {
          "type": "CIMStandardDataConnection",
          "workspaceConnectionString": "DATABASE=..\\..\\..\\..\\Documents\\ArcGIS\\Packages\\WI_2024 R6_cf739b\\commondata\\public_boat_access_sites",
          "workspaceFactory": "Shapefile",
          "dataset": "Public_Boat_Access_Sites",
          "datasetType": "esriDTFeatureClass"
        },
        "studyAreaSpatialRel": "esriSpatialRelUndefined",
        "searchOrder": "esriSearchOrderSpatial"
      },
      "htmlPopupEnabled": true,
      "htmlPopupFormat": {
        "type": "CIMHtmlPopupFormat",
        "htmlUseCodedDomainValues": true,
        "htmlPresentationStyle": "TwoColumnTable"
      },
      "isFlattened": true,
      "selectable": true,
      "selectionSymbol": {
        "type": "CIMSymbolReference",
        "symbol": {
          "type": "CIMPointSymbol",
          "symbolLayers": [
            {
              "type": "CIMVectorMarker",
              "enable": true,
              "anchorPointUnits": "Relative",
              "dominantSizeAxis3D": "Z",
              "size": 8,
              "billboardMode3D": "FaceNearPlane",
              "frame": {
                "xmin": -2,
                "ymin": -2,
                "xmax": 2,
                "ymax": 2
              },
              "markerGraphics": [
                {
                  "type": "CIMMarkerGraphic",
                  "geometry": {
                    "curveRings": [
                      [
                        [
                          1.2246467991473532e-16,
                          2
                        ],
                        {
                          "a": [
                            [
                              1.2246467991473532e-16,
                              2
                            ],
                            [
                              0,
                              0
                            ],
                            0,
                            1
                          ]
                        }
                      ]
                    ]
                  },
                  "symbol": {
                    "type": "CIMPolygonSymbol",
                    "symbolLayers": [
                      {
                        "type": "CIMSolidFill",
                        "enable": true,
                        "color": {
                          "type": "CIMRGBColor",
                          "values": [
                            0,
                            255,
                            255,
                            100
                          ]
                        }
                      }
                    ]
                  }
                }
              ],
              "respectFrame": true
            }
          ],
          "haloSize": 1,
          "scaleX": 1,
          "angleAlignment": "Map"
        }
      },
      "featureCacheType": "None",
      "displayFiltersType": "ByScale",
      "featureBlendingMode": "Alpha",
      "labelClasses": [
        {
          "type": "CIMLabelClass",
          "expression": "[LMS_BOAT_L]",
          "expressionEngine": "VBScript",
          "featuresToLabel": "AllVisibleFeatures",
          "maplexLabelPlacementProperties": {
            "type": "CIMMaplexLabelPlacementProperties",
            "featureType": "Point",
            "avoidPolygonHoles": true,
            "canOverrunFeature": true,
            "canPlaceLabelOutsidePolygon": true,
            "canReduceFontSize": true,
            "canRemoveOverlappingLabel": true,
            "canStackLabel": false,
            "connectionType": "Unambiguous",
            "constrainOffset": "NoConstraint",
            "contourAlignmentType": "Page",
            "contourLadderType": "Straight",
            "contourMaximumAngle": 90,
            "enableConnection": true,
            "enablePointPlacementPriorities": true,
            "featureWeight": 0,
            "fontHeightReductionLimit": 4,
            "fontHeightReductionStep": 0.5,
            "fontWidthReductionLimit": 90,
            "fontWidthReductionStep": 5,
            "graticuleAlignmentType": "Straight",
            "keyNumberGroupName": "Default",
            "labelBuffer": 15,
            "labelLargestPolygon": true,
            "labelPriority": -1,
            "labelStackingProperties": {
              "type": "CIMMaplexLabelStackingProperties",
              "stackAlignment": "ChooseBest",
              "maximumNumberOfLines": 3,
              "minimumNumberOfCharsPerLine": 3,
              "maximumNumberOfCharsPerLine": 24,
              "separators": [
                {
                  "type": "CIMMaplexStackingSeparator",
                  "separator": " ",
                  "splitAfter": true
                },
                {
                  "type": "CIMMaplexStackingSeparator",
                  "separator": ",",
                  "visible": true,
                  "splitAfter": true
                }
              ],
              "trimStackingSeparators": true
            },
            "lineFeatureType": "General",
            "linePlacementMethod": "OffsetCurvedFromLine",
            "maximumLabelOverrun": 36,
            "maximumLabelOverrunUnit": "Point",
            "minimumFeatureSizeUnit": "Map",
            "multiPartOption": "OneLabelPerPart",
            "offsetAlongLineProperties": {
              "type": "CIMMaplexOffsetAlongLineProperties",
              "placementMethod": "BestPositionAlongLine",
              "labelAnchorPoint": "CenterOfLabel",
              "distanceUnit": "Percentage",
              "useLineDirection": true
            },
            "pointExternalZonePriorities": {
              "type": "CIMMaplexExternalZonePriorities",
              "aboveLeft": 4,
              "aboveCenter": 2,
              "aboveRight": 1,
              "centerRight": 3,
              "belowRight": 5,
              "belowCenter": 7,
              "belowLeft": 8,
              "centerLeft": 6
            },
            "pointPlacementMethod": "AroundPoint",
            "polygonAnchorPointType": "GeometricCenter",
            "polygonBoundaryWeight": 0,
            "polygonExternalZones": {
              "type": "CIMMaplexExternalZonePriorities",
              "aboveLeft": 4,
              "aboveCenter": 2,
              "aboveRight": 1,
              "centerRight": 3,
              "belowRight": 5,
              "belowCenter": 7,
              "belowLeft": 8,
              "centerLeft": 6
            },
            "polygonFeatureType": "General",
            "polygonInternalZones": {
              "type": "CIMMaplexInternalZonePriorities",
              "center": 1
            },
            "polygonPlacementMethod": "CurvedInPolygon",
            "primaryOffset": 1,
            "primaryOffsetUnit": "Point",
            "removeExtraWhiteSpace": true,
            "repetitionIntervalUnit": "Map",
            "rotationProperties": {
              "type": "CIMMaplexRotationProperties",
              "rotationType": "Arithmetic",
              "alignmentType": "Straight"
            },
            "secondaryOffset": 100,
            "strategyPriorities": {
              "type": "CIMMaplexStrategyPriorities",
              "stacking": 1,
              "overrun": 2,
              "fontCompression": 3,
              "fontReduction": 4,
              "abbreviation": 5
            },
            "thinDuplicateLabels": true,
            "thinningDistanceUnit": "Point",
            "truncationMarkerCharacter": ".",
            "truncationMinimumLength": 1,
            "truncationPreferredCharacters": "aeiou",
            "polygonAnchorPointPerimeterInsetUnit": "Point"
          },
          "maximumScale": 24000,
          "minimumScale": 70000,
          "name": "Default",
          "priority": 4,
          "standardLabelPlacementProperties": {
            "type": "CIMStandardLabelPlacementProperties",
            "featureType": "Line",
            "featureWeight": "None",
            "labelWeight": "High",
            "numLabelsOption": "OneLabelPerName",
            "lineLabelPosition": {
              "type": "CIMStandardLineLabelPosition",
              "above": true,
              "inLine": true,
              "parallel": true
            },
            "lineLabelPriorities": {
              "type": "CIMStandardLineLabelPriorities",
              "aboveStart": 3,
              "aboveAlong": 3,
              "aboveEnd": 3,
              "centerStart": 3,
              "centerAlong": 3,
              "centerEnd": 3,
              "belowStart": 3,
              "belowAlong": 3,
              "belowEnd": 3
            },
            "pointPlacementMethod": "AroundPoint",
            "pointPlacementPriorities": {
              "type": "CIMStandardPointPlacementPriorities",
              "aboveLeft": 2,
              "aboveCenter": 2,
              "aboveRight": 1,
              "centerLeft": 3,
              "centerRight": 2,
              "belowLeft": 3,
              "belowCenter": 3,
              "belowRight": 2
            },
            "rotationType": "Arithmetic",
            "polygonPlacementMethod": "AlwaysHorizontal"
          },
          "textSymbol": {
            "type": "CIMSymbolReference",
            "symbol": {
              "type": "CIMTextSymbol",
              "blockProgression": "TTB",
              "compatibilityMode": true,
              "depth3D": 1,
              "drawSoftHyphen": true,
              "extrapolateBaselines": true,
              "flipAngle": 90,
              "fontEffects": "Normal",
              "fontEncoding": "Unicode",
              "fontFamilyName": "Arial",
              "fontStyleName": "Bold",
              "fontType": "Unspecified",
              "haloSize": 2,
              "haloSymbol": {
                "type": "CIMPolygonSymbol",
                "symbolLayers": [
                  {
                    "type": "CIMSolidFill",
                    "enable": true,
                    "color": {
                      "type": "CIMRGBColor",
                      "values": [
                        255,
                        255,
                        255,
                        100
                      ]
                    }
                  }
                ]
              },
              "height": 11,
              "hinting": "Default",
              "horizontalAlignment": "Left",
              "kerning": true,
              "letterSpacing": 1,
              "letterWidth": 100,
              "ligatures": true,
              "lineGapType": "ExtraLeading",
              "shadowColor": {
                "type": "CIMRGBColor",
                "values": [
                  0,
                  0,
                  0,
                  100
                ]
              },
              "symbol": {
                "type": "CIMPolygonSymbol",
                "symbolLayers": [
                  {
                    "type": "CIMSolidFill",
                    "enable": true,
                    "color": {
                      "type": "CIMRGBColor",
                      "values": [
                        0,
                        0,
                        0,
                        100
                      ]
                    }
                  }
                ]
              },
              "textCase": "Normal",
              "textDirection": "LTR",
              "verticalAlignment": "Baseline",
              "verticalGlyphOrientation": "Right",
              "wordSpacing": 100,
              "billboardMode3D": "FaceNearPlane"
            }
          },
          "useCodedValue": true,
          "visibility": true,
          "iD": -1
        }
      ],
      "labelVisibility": true,
      "renderer": {
        "type": "CIMSimpleRenderer",
        "patch": "Default",
        "symbol": {
          "type": "CIMSymbolReference",
          "symbol": {
            "type": "CIMPointSymbol",
            "symbolLayers": [
              {
                "type": "CIMCharacterMarker",
                "enable": true,
                "anchorPointUnits": "Relative",
                "dominantSizeAxis3D": "Y",
                "size": 30,
                "billboardMode3D": "FaceNearPlane",
                "characterIndex": 43,
                "fontFamilyName": "ESRI Environmental & Icons",
                "fontStyleName": "Regular",
                "fontType": "Unspecified",
                "scaleX": 1,
                "symbol": {
                  "type": "CIMPolygonSymbol",
                  "symbolLayers": [
                    {
                      "type": "CIMSolidFill",
                      "enable": true,
                      "color": {
                        "type": "CIMRGBColor",
                        "values": [
                          230,
                          0,
                          0,
                          100
                        ]
                      }
                    }
                  ]
                },
                "scaleSymbolsProportionally": true,
                "respectFrame": true
              }
            ],
            "haloSize": 4,
            "haloSymbol": {
              "type": "CIMPolygonSymbol",
              "symbolLayers": [
                {
                  "type": "CIMSolidStroke",
                  "enable": true,
                  "capStyle": "Round",
                  "joinStyle": "Round",
                  "lineStyle3D": "Strip",
                  "miterLimit": 10,
                  "width": 1,
                  "color": {
                    "type": "CIMRGBColor",
                    "values": [
                      0,
                      38,
                      115,
                      100
                    ]
                  }
                },
                {
                  "type": "CIMSolidFill",
                  "enable": true,
                  "color": {
                    "type": "CIMRGBColor",
                    "values": [
                      115,
                      223,
                      255,
                      100
                    ]
                  }
                }
              ]
            },
            "scaleX": 1,
            "angleAlignment": "Map"
          }
        }
      },
      "scaleSymbols": true,
      "snappable": true
    }
  ],
  "binaryReferences": [
    {
      "type": "CIMBinaryReference",
      "uRI": "CIMPATH=Metadata/5f580e0806f236eb7102c5f10f163de3.xml",
      "data": "<?xml version=\"1.0\"?>\r\n<metadata xml:lang=\"en\"><Esri><CreaDate>20240424</CreaDate><CreaTime>11583300</CreaTime><ArcGISFormat>1.0</ArcGISFormat><SyncOnce>TRUE</SyncOnce></Esri><dataIdInfo><idCitation><resTitle>WI_Public_Boat_Access_Sites</resTitle></idCitation><idAbs></idAbs><idCredit></idCredit></dataIdInfo></metadata>\r\n"
    }
  ],
  "rGBColorProfile": "sRGB IEC61966-2.1",
  "cMYKColorProfile": "U.S. Web Coated (SWOP) v2"
}